--------------------------------------------------------
--  DDL for Sequence SEQ_AMBULATORI
--------------------------------------------------------

   CREATE SEQUENCE  SEQ_AMBULATORI  MINVALUE 1 MAXVALUE 9999999999999999999999999999 INCREMENT BY 1 START WITH 1 CACHE 20 NOORDER  NOCYCLE  NOKEEP  NOSCALE  GLOBAL ;
--------------------------------------------------------
--  DDL for Sequence SEQ_ANAGRAFICHE
--------------------------------------------------------

   CREATE SEQUENCE  SEQ_ANAGRAFICHE  MINVALUE 1 MAXVALUE 9999999999999999999999999999 INCREMENT BY 1 START WITH 1 CACHE 20 NOORDER  NOCYCLE  NOKEEP  NOSCALE  GLOBAL ;
--------------------------------------------------------
--  DDL for Sequence SEQ_CLIENTI
--------------------------------------------------------

   CREATE SEQUENCE  SEQ_CLIENTI  MINVALUE 1 MAXVALUE 9999999999999999999999999999 INCREMENT BY 1 START WITH 1 CACHE 20 NOORDER  NOCYCLE  NOKEEP  NOSCALE  GLOBAL ;
--------------------------------------------------------
--  DDL for Sequence SEQ_MEDICI
--------------------------------------------------------

   CREATE SEQUENCE  SEQ_MEDICI  MINVALUE 1 MAXVALUE 9999999999999999999999999999 INCREMENT BY 1 START WITH 1 CACHE 20 NOORDER  NOCYCLE  NOKEEP  NOSCALE  GLOBAL ;
--------------------------------------------------------
--  DDL for Sequence SEQ_STAFF
--------------------------------------------------------

   CREATE SEQUENCE  SEQ_STAFF  MINVALUE 1 MAXVALUE 9999999999999999999999999999 INCREMENT BY 1 START WITH 1 CACHE 20 NOORDER  NOCYCLE  NOKEEP  NOSCALE  GLOBAL ;
--------------------------------------------------------
--  DDL for Sequence SEQ_TERAPIE
--------------------------------------------------------

   CREATE SEQUENCE  SEQ_TERAPIE  MINVALUE 1 MAXVALUE 9999999999999999999999999999 INCREMENT BY 1 START WITH 1 CACHE 20 NOORDER  NOCYCLE  NOKEEP  NOSCALE  GLOBAL ;
--------------------------------------------------------
--  DDL for Table AMBULATORI
--------------------------------------------------------

  CREATE TABLE AMBULATORI SHARING=METADATA 
   (	ID NUMBER, 
	NOME VARCHAR2(30 BYTE), 
	COD VARCHAR2(32 BYTE)
   ) SEGMENT CREATION IMMEDIATE 
  PCTFREE 10 PCTUSED 40 INITRANS 1 MAXTRANS 255 
 NOCOMPRESS LOGGING
  STORAGE(INITIAL 65536 NEXT 1048576 MINEXTENTS 1 MAXEXTENTS 2147483645
  PCTINCREASE 0 FREELISTS 1 FREELIST GROUPS 1
  BUFFER_POOL DEFAULT FLASH_CACHE DEFAULT CELL_FLASH_CACHE DEFAULT)
  TABLESPACE SYSTEM ;
--------------------------------------------------------
--  DDL for Table ANAGRAFICHE
--------------------------------------------------------

  CREATE TABLE ANAGRAFICHE SHARING=METADATA 
   (	ID NUMBER, 
	NOME VARCHAR2(30 BYTE), 
	COGNOME VARCHAR2(30 BYTE), 
	DATA_NASCITA DATE, 
	CF VARCHAR2(16 BYTE), 
	N_CELLULARE VARCHAR2(15 BYTE)
   ) SEGMENT CREATION IMMEDIATE 
  PCTFREE 10 PCTUSED 40 INITRANS 1 MAXTRANS 255 
 NOCOMPRESS LOGGING
  STORAGE(INITIAL 65536 NEXT 1048576 MINEXTENTS 1 MAXEXTENTS 2147483645
  PCTINCREASE 0 FREELISTS 1 FREELIST GROUPS 1
  BUFFER_POOL DEFAULT FLASH_CACHE DEFAULT CELL_FLASH_CACHE DEFAULT)
  TABLESPACE SYSTEM ;
--------------------------------------------------------
--  DDL for Table CLIENTI
--------------------------------------------------------

  CREATE TABLE CLIENTI SHARING=METADATA 
   (	ID NUMBER, 
	ID_ANAG NUMBER
   ) SEGMENT CREATION IMMEDIATE 
  PCTFREE 10 PCTUSED 40 INITRANS 1 MAXTRANS 255 
 NOCOMPRESS LOGGING
  STORAGE(INITIAL 65536 NEXT 1048576 MINEXTENTS 1 MAXEXTENTS 2147483645
  PCTINCREASE 0 FREELISTS 1 FREELIST GROUPS 1
  BUFFER_POOL DEFAULT FLASH_CACHE DEFAULT CELL_FLASH_CACHE DEFAULT)
  TABLESPACE SYSTEM ;
--------------------------------------------------------
--  DDL for Table MEDICI
--------------------------------------------------------

  CREATE TABLE MEDICI SHARING=METADATA 
   (	ID NUMBER, 
	ID_ANAG NUMBER, 
	ISMEDICO NUMBER
   ) ;
--------------------------------------------------------
--  DDL for Table MEDICI_TERAPIE
--------------------------------------------------------

  CREATE TABLE MEDICI_TERAPIE SHARING=METADATA 
   (	ID_MEDICO NUMBER, 
	ID_TERAPIA NUMBER
   ) ;
--------------------------------------------------------
--  DDL for Table PRENOTAZIONI
--------------------------------------------------------

  CREATE TABLE PRENOTAZIONI SHARING=METADATA 
   (	ID_AMBULATORIO NUMBER, 
	ID_CLIENTE NUMBER, 
	DATA_ORA DATE, 
	ATTIVO NUMBER, 
	PATOLOGIA VARCHAR2(118 BYTE)
   ) ;
--------------------------------------------------------
--  DDL for Table STAFF
--------------------------------------------------------

  CREATE TABLE STAFF SHARING=METADATA 
   (	ID NUMBER, 
	ID_ANAG NUMBER, 
	LIVELLO NUMBER
   ) ;
--------------------------------------------------------
--  DDL for Table TERAPIE
--------------------------------------------------------

  CREATE TABLE TERAPIE SHARING=METADATA 
   (	ID NUMBER, 
	NOME VARCHAR2(30 BYTE), 
	COD VARCHAR2(32 BYTE)
   ) ;
--------------------------------------------------------
--  DDL for Table TERAPIE_AMBULATORI
--------------------------------------------------------

  CREATE TABLE TERAPIE_AMBULATORI SHARING=METADATA 
   (	ID_TERAPIA NUMBER, 
	ID_AMBULATORIO NUMBER
   ) ;
REM INSERTING into AMBULATORI
SET DEFINE OFF;
Insert into AMBULATORI (ID,NOME,COD) values ('2','GIALLO','E42R2RF2');
Insert into AMBULATORI (ID,NOME,COD) values ('1','ROSSO','ER4E2R');
Insert into AMBULATORI (ID,NOME,COD) values ('4','VERDE','RFEWR3ER');
Insert into AMBULATORI (ID,NOME,COD) values ('3','BLU','EWREWR');
REM INSERTING into ANAGRAFICHE
SET DEFINE OFF;
Insert into ANAGRAFICHE (ID,NOME,COGNOME,DATA_NASCITA,CF,N_CELLULARE) values ('2','MASSIMO','BOLDI',to_date('23-JUL-45','DD-MON-RR'),'BLDMSM45CIP0LL1N','3336666666');
Insert into ANAGRAFICHE (ID,NOME,COGNOME,DATA_NASCITA,CF,N_CELLULARE) values ('3','MASSIMO','LOPEZ',to_date('11-JAN-52','DD-MON-RR'),'LPZMSM52D0VEST4H','3381234567');
Insert into ANAGRAFICHE (ID,NOME,COGNOME,DATA_NASCITA,CF,N_CELLULARE) values ('4','RAIMONDO','VIANELLO',to_date('07-MAY-22','DD-MON-RR'),'VNLRMN22EM0RT000','3350008000');
Insert into ANAGRAFICHE (ID,NOME,COGNOME,DATA_NASCITA,CF,N_CELLULARE) values ('5','EZIO','GREGGIO',to_date('07-APR-54','DD-MON-RR'),'GRGZIO54LEV3L1NE','3345544554');
Insert into ANAGRAFICHE (ID,NOME,COGNOME,DATA_NASCITA,CF,N_CELLULARE) values ('6','DILETTA','LEOTTA',to_date('16-AUG-91','DD-MON-RR'),'LTTDLT91KEFIKAA4','3334447738');
Insert into ANAGRAFICHE (ID,NOME,COGNOME,DATA_NASCITA,CF,N_CELLULARE) values ('7','ENRICO','MENTANA',to_date('15-JAN-55','DD-MON-RR'),'MNTNRC55M4R4T0NA','3377755577');
Insert into ANAGRAFICHE (ID,NOME,COGNOME,DATA_NASCITA,CF,N_CELLULARE) values ('8','VITTORIO','BRUMOTTI',to_date('14-JUN-80','DD-MON-RR'),'BRMVTT80B0MB4ZZA','3339876543');
Insert into ANAGRAFICHE (ID,NOME,COGNOME,DATA_NASCITA,CF,N_CELLULARE) values ('9','CRISTINA','CHIABOTTO',to_date('15-SEP-86','DD-MON-RR'),'CHBCRS86M155IT4L','3479182735');
Insert into ANAGRAFICHE (ID,NOME,COGNOME,DATA_NASCITA,CF,N_CELLULARE) values ('1','FRANCESCO','TOTTI',to_date('27-SEP-76','DD-MON-RR'),'TTTFNC76P27H501J','3310101010');
REM INSERTING into CLIENTI
SET DEFINE OFF;
Insert into CLIENTI (ID,ID_ANAG) values ('2','8');
Insert into CLIENTI (ID,ID_ANAG) values ('3','9');
Insert into CLIENTI (ID,ID_ANAG) values ('1','7');
REM INSERTING into MEDICI
SET DEFINE OFF;
Insert into MEDICI (ID,ID_ANAG,ISMEDICO) values ('1','1','1');
Insert into MEDICI (ID,ID_ANAG,ISMEDICO) values ('2','2','0');
Insert into MEDICI (ID,ID_ANAG,ISMEDICO) values ('3','3','1');
REM INSERTING into MEDICI_TERAPIE
SET DEFINE OFF;
Insert into MEDICI_TERAPIE (ID_MEDICO,ID_TERAPIA) values ('1','2');
Insert into MEDICI_TERAPIE (ID_MEDICO,ID_TERAPIA) values ('1','3');
Insert into MEDICI_TERAPIE (ID_MEDICO,ID_TERAPIA) values ('2','1');
Insert into MEDICI_TERAPIE (ID_MEDICO,ID_TERAPIA) values ('3','3');
Insert into MEDICI_TERAPIE (ID_MEDICO,ID_TERAPIA) values ('3','4');
REM INSERTING into PRENOTAZIONI
SET DEFINE OFF;
Insert into PRENOTAZIONI (ID_AMBULATORIO,ID_CLIENTE,DATA_ORA,ATTIVO,PATOLOGIA) values ('1','3',to_date('10-AUG-19','DD-MON-RR'),'0','DURANTE UN BALLO DI GRUPPO ALLA SAGRA DI PAESE, IL PAZIENTE SI E SLOGATO LA CAVIGLIA');
Insert into PRENOTAZIONI (ID_AMBULATORIO,ID_CLIENTE,DATA_ORA,ATTIVO,PATOLOGIA) values ('2','2',to_date('10-AUG-19','DD-MON-RR'),'1','IL PAZIENTE NECESSITA DI UN MASSAGGIO CON OLIO BOLLENTE');
Insert into PRENOTAZIONI (ID_AMBULATORIO,ID_CLIENTE,DATA_ORA,ATTIVO,PATOLOGIA) values ('3','1',to_date('10-AUG-19','DD-MON-RR'),'1','IL PAZIENTE HA UN DOLORINO LOMBARE');
Insert into PRENOTAZIONI (ID_AMBULATORIO,ID_CLIENTE,DATA_ORA,ATTIVO,PATOLOGIA) values ('4','1',to_date('10-AUG-19','DD-MON-RR'),'1','IL PAZIENTE HA MALE ALLA SPALLA, FORSE MORIRA');
Insert into PRENOTAZIONI (ID_AMBULATORIO,ID_CLIENTE,DATA_ORA,ATTIVO,PATOLOGIA) values ('1','2',to_date('11-AUG-19','DD-MON-RR'),'0','IL PAZIENTE SI E LANCIATO DALLA FINESTRA CREDENDOSI SPIDERMAN');
Insert into PRENOTAZIONI (ID_AMBULATORIO,ID_CLIENTE,DATA_ORA,ATTIVO,PATOLOGIA) values ('2','3',to_date('11-AUG-19','DD-MON-RR'),'1','IL PAZIENTE SI E CHIUSO LA MANO DESTRA IN UN CASSETTO ED E DISPERATO');
Insert into PRENOTAZIONI (ID_AMBULATORIO,ID_CLIENTE,DATA_ORA,ATTIVO,PATOLOGIA) values ('3','3',to_date('11-AUG-19','DD-MON-RR'),'1','IL PAZIENTE SI E ROTTO IL GINOCCHIO FACENDO UNA PIROETTA SU UNA SEDIA ROTANTE');
Insert into PRENOTAZIONI (ID_AMBULATORIO,ID_CLIENTE,DATA_ORA,ATTIVO,PATOLOGIA) values ('4','2',to_date('11-AUG-19','DD-MON-RR'),'1','STANDO TROPPO TEMPO SEDUTO MALE, IL PAZIENTE HA SVILUPPATO UN FORTE DOLORE ALLA SCHIENA');
Insert into PRENOTAZIONI (ID_AMBULATORIO,ID_CLIENTE,DATA_ORA,ATTIVO,PATOLOGIA) values ('4','1',to_date('11-AUG-19','DD-MON-RR'),'1','DA UN GRANDE DOLORE DERIVANO GRANDI BESTEMMIE');
Insert into PRENOTAZIONI (ID_AMBULATORIO,ID_CLIENTE,DATA_ORA,ATTIVO,PATOLOGIA) values ('3','3',to_date('11-AUG-19','DD-MON-RR'),'1','DURANTE UNA GENEROSA MANGIATA, IL PAZIENTE SI E SLOGATO LA MASCELLA');
REM INSERTING into STAFF
SET DEFINE OFF;
Insert into STAFF (ID,ID_ANAG,LIVELLO) values ('1','4','0');
Insert into STAFF (ID,ID_ANAG,LIVELLO) values ('2','5','1');
Insert into STAFF (ID,ID_ANAG,LIVELLO) values ('3','6','1');
REM INSERTING into TERAPIE
SET DEFINE OFF;
Insert into TERAPIE (ID,NOME,COD) values ('4','GINNASTICA POSTURALE','E42R2RF2DGFWED');
Insert into TERAPIE (ID,NOME,COD) values ('3','MASSOTERAPIA','E2DGFWED');
Insert into TERAPIE (ID,NOME,COD) values ('1','LASERTERAPIA','E42R2R');
Insert into TERAPIE (ID,NOME,COD) values ('2','ELETTROSTIMOLAZIONI','E4WED');
REM INSERTING into TERAPIE_AMBULATORI
SET DEFINE OFF;
Insert into TERAPIE_AMBULATORI (ID_TERAPIA,ID_AMBULATORIO) values ('1','4');
Insert into TERAPIE_AMBULATORI (ID_TERAPIA,ID_AMBULATORIO) values ('2','3');
Insert into TERAPIE_AMBULATORI (ID_TERAPIA,ID_AMBULATORIO) values ('3','2');
Insert into TERAPIE_AMBULATORI (ID_TERAPIA,ID_AMBULATORIO) values ('4','1');
--------------------------------------------------------
--  DDL for Index PK_ID_AMBULATORI
--------------------------------------------------------

  CREATE UNIQUE INDEX PK_ID_AMBULATORI ON AMBULATORI (ID) 
  PCTFREE 10 INITRANS 2 MAXTRANS 255 COMPUTE STATISTICS 
  STORAGE(INITIAL 65536 NEXT 1048576 MINEXTENTS 1 MAXEXTENTS 2147483645
  PCTINCREASE 0 FREELISTS 1 FREELIST GROUPS 1
  BUFFER_POOL DEFAULT FLASH_CACHE DEFAULT CELL_FLASH_CACHE DEFAULT)
  TABLESPACE SYSTEM ;
--------------------------------------------------------
--  DDL for Index PK_ID_ANAG
--------------------------------------------------------

  CREATE UNIQUE INDEX PK_ID_ANAG ON ANAGRAFICHE (ID) 
  PCTFREE 10 INITRANS 2 MAXTRANS 255 COMPUTE STATISTICS 
  STORAGE(INITIAL 65536 NEXT 1048576 MINEXTENTS 1 MAXEXTENTS 2147483645
  PCTINCREASE 0 FREELISTS 1 FREELIST GROUPS 1
  BUFFER_POOL DEFAULT FLASH_CACHE DEFAULT CELL_FLASH_CACHE DEFAULT)
  TABLESPACE SYSTEM ;
--------------------------------------------------------
--  DDL for Index PK_ID_CLIENT
--------------------------------------------------------

  CREATE UNIQUE INDEX PK_ID_CLIENT ON CLIENTI (ID) 
  PCTFREE 10 INITRANS 2 MAXTRANS 255 COMPUTE STATISTICS 
  STORAGE(INITIAL 65536 NEXT 1048576 MINEXTENTS 1 MAXEXTENTS 2147483645
  PCTINCREASE 0 FREELISTS 1 FREELIST GROUPS 1
  BUFFER_POOL DEFAULT FLASH_CACHE DEFAULT CELL_FLASH_CACHE DEFAULT)
  TABLESPACE SYSTEM ;
--------------------------------------------------------
--  DDL for Index PK_ID_MEDIC
--------------------------------------------------------

  CREATE UNIQUE INDEX PK_ID_MEDIC ON MEDICI (ID) 
  PCTFREE 10 INITRANS 2 MAXTRANS 255 COMPUTE STATISTICS 
  STORAGE(INITIAL 65536 NEXT 1048576 MINEXTENTS 1 MAXEXTENTS 2147483645
  PCTINCREASE 0 FREELISTS 1 FREELIST GROUPS 1
  BUFFER_POOL DEFAULT FLASH_CACHE DEFAULT CELL_FLASH_CACHE DEFAULT)
  TABLESPACE SYSTEM ;
--------------------------------------------------------
--  DDL for Index PK_ID_MT
--------------------------------------------------------

  CREATE UNIQUE INDEX PK_ID_MT ON MEDICI_TERAPIE (ID_MEDICO, ID_TERAPIA) 
  PCTFREE 10 INITRANS 2 MAXTRANS 255 COMPUTE STATISTICS 
  STORAGE(INITIAL 65536 NEXT 1048576 MINEXTENTS 1 MAXEXTENTS 2147483645
  PCTINCREASE 0 FREELISTS 1 FREELIST GROUPS 1
  BUFFER_POOL DEFAULT FLASH_CACHE DEFAULT CELL_FLASH_CACHE DEFAULT)
  TABLESPACE SYSTEM ;
--------------------------------------------------------
--  DDL for Index PK_ID_STAFF
--------------------------------------------------------

  CREATE UNIQUE INDEX PK_ID_STAFF ON STAFF (ID) 
  PCTFREE 10 INITRANS 2 MAXTRANS 255 COMPUTE STATISTICS 
  STORAGE(INITIAL 65536 NEXT 1048576 MINEXTENTS 1 MAXEXTENTS 2147483645
  PCTINCREASE 0 FREELISTS 1 FREELIST GROUPS 1
  BUFFER_POOL DEFAULT FLASH_CACHE DEFAULT CELL_FLASH_CACHE DEFAULT)
  TABLESPACE SYSTEM ;
--------------------------------------------------------
--  DDL for Index PK_ID_TA
--------------------------------------------------------

  CREATE UNIQUE INDEX PK_ID_TA ON TERAPIE_AMBULATORI (ID_TERAPIA, ID_AMBULATORIO) 
  PCTFREE 10 INITRANS 2 MAXTRANS 255 COMPUTE STATISTICS 
  STORAGE(INITIAL 65536 NEXT 1048576 MINEXTENTS 1 MAXEXTENTS 2147483645
  PCTINCREASE 0 FREELISTS 1 FREELIST GROUPS 1
  BUFFER_POOL DEFAULT FLASH_CACHE DEFAULT CELL_FLASH_CACHE DEFAULT)
  TABLESPACE SYSTEM ;
--------------------------------------------------------
--  DDL for Index PK_ID_TERAPIE
--------------------------------------------------------

  CREATE UNIQUE INDEX PK_ID_TERAPIE ON TERAPIE (ID) 
  PCTFREE 10 INITRANS 2 MAXTRANS 255 COMPUTE STATISTICS 
  STORAGE(INITIAL 65536 NEXT 1048576 MINEXTENTS 1 MAXEXTENTS 2147483645
  PCTINCREASE 0 FREELISTS 1 FREELIST GROUPS 1
  BUFFER_POOL DEFAULT FLASH_CACHE DEFAULT CELL_FLASH_CACHE DEFAULT)
  TABLESPACE SYSTEM ;
--------------------------------------------------------
--  DDL for Index UNI_AMB_COD
--------------------------------------------------------

  CREATE UNIQUE INDEX UNI_AMB_COD ON AMBULATORI (COD) 
  PCTFREE 10 INITRANS 2 MAXTRANS 255 COMPUTE STATISTICS 
  STORAGE(INITIAL 65536 NEXT 1048576 MINEXTENTS 1 MAXEXTENTS 2147483645
  PCTINCREASE 0 FREELISTS 1 FREELIST GROUPS 1
  BUFFER_POOL DEFAULT FLASH_CACHE DEFAULT CELL_FLASH_CACHE DEFAULT)
  TABLESPACE USERS ;
--------------------------------------------------------
--  DDL for Index UNI_AM_COD
--------------------------------------------------------

  CREATE UNIQUE INDEX UNI_AM_COD ON TERAPIE (COD) 
  PCTFREE 10 INITRANS 2 MAXTRANS 255 COMPUTE STATISTICS 
  STORAGE(INITIAL 65536 NEXT 1048576 MINEXTENTS 1 MAXEXTENTS 2147483645
  PCTINCREASE 0 FREELISTS 1 FREELIST GROUPS 1
  BUFFER_POOL DEFAULT FLASH_CACHE DEFAULT CELL_FLASH_CACHE DEFAULT)
  TABLESPACE USERS ;
--------------------------------------------------------
--  DDL for Index UNI_AN_CF
--------------------------------------------------------

  CREATE UNIQUE INDEX UNI_AN_CF ON ANAGRAFICHE (CF) 
  PCTFREE 10 INITRANS 2 MAXTRANS 255 COMPUTE STATISTICS 
  STORAGE(INITIAL 65536 NEXT 1048576 MINEXTENTS 1 MAXEXTENTS 2147483645
  PCTINCREASE 0 FREELISTS 1 FREELIST GROUPS 1
  BUFFER_POOL DEFAULT FLASH_CACHE DEFAULT CELL_FLASH_CACHE DEFAULT)
  TABLESPACE USERS ;
--------------------------------------------------------
--  DDL for Index UNI_CLI_ANAG
--------------------------------------------------------

  CREATE UNIQUE INDEX UNI_CLI_ANAG ON CLIENTI (ID_ANAG) 
  PCTFREE 10 INITRANS 2 MAXTRANS 255 COMPUTE STATISTICS 
  STORAGE(INITIAL 65536 NEXT 1048576 MINEXTENTS 1 MAXEXTENTS 2147483645
  PCTINCREASE 0 FREELISTS 1 FREELIST GROUPS 1
  BUFFER_POOL DEFAULT FLASH_CACHE DEFAULT CELL_FLASH_CACHE DEFAULT)
  TABLESPACE USERS ;
--------------------------------------------------------
--  DDL for Index UNI_ME_ANAG
--------------------------------------------------------

  CREATE UNIQUE INDEX UNI_ME_ANAG ON MEDICI (ID_ANAG) 
  PCTFREE 10 INITRANS 2 MAXTRANS 255 COMPUTE STATISTICS 
  STORAGE(INITIAL 65536 NEXT 1048576 MINEXTENTS 1 MAXEXTENTS 2147483645
  PCTINCREASE 0 FREELISTS 1 FREELIST GROUPS 1
  BUFFER_POOL DEFAULT FLASH_CACHE DEFAULT CELL_FLASH_CACHE DEFAULT)
  TABLESPACE USERS ;
--------------------------------------------------------
--  DDL for Index UNI_ST_ANAG
--------------------------------------------------------

  CREATE UNIQUE INDEX UNI_ST_ANAG ON STAFF (ID_ANAG) 
  PCTFREE 10 INITRANS 2 MAXTRANS 255 COMPUTE STATISTICS 
  STORAGE(INITIAL 65536 NEXT 1048576 MINEXTENTS 1 MAXEXTENTS 2147483645
  PCTINCREASE 0 FREELISTS 1 FREELIST GROUPS 1
  BUFFER_POOL DEFAULT FLASH_CACHE DEFAULT CELL_FLASH_CACHE DEFAULT)
  TABLESPACE USERS ;
--------------------------------------------------------
--  DDL for Trigger AMBULATORI_TRG
--------------------------------------------------------

  CREATE OR REPLACE NONEDITIONABLE TRIGGER AMBULATORI_TRG 
	BEFORE INSERT ON AMBULATORI
	FOR EACH ROW
BEGIN
  SELECT SEQ_AMBULATORI.NEXTVAL
  INTO   :NEW.ID
  FROM   DUAL;
END;

/
ALTER TRIGGER AMBULATORI_TRG DISABLE;
--------------------------------------------------------
--  DDL for Trigger ANAGRAFICHE_TRG
--------------------------------------------------------

  CREATE OR REPLACE NONEDITIONABLE TRIGGER ANAGRAFICHE_TRG 
	BEFORE INSERT ON ANAGRAFICHE
	FOR EACH ROW
BEGIN
  SELECT SEQ_ANAGRAFICHE.NEXTVAL
  INTO   :NEW.ID
  FROM   DUAL;
END;

/
ALTER TRIGGER ANAGRAFICHE_TRG DISABLE;
--------------------------------------------------------
--  DDL for Trigger CLIENTI_TRG
--------------------------------------------------------

  CREATE OR REPLACE NONEDITIONABLE TRIGGER CLIENTI_TRG 
	BEFORE INSERT ON CLIENTI
	FOR EACH ROW
BEGIN
  SELECT SEQ_CLIENTI.NEXTVAL
  INTO   :NEW.ID
  FROM   DUAL;
END;

/
ALTER TRIGGER CLIENTI_TRG DISABLE;
--------------------------------------------------------
--  DDL for Trigger MEDICI_TRG
--------------------------------------------------------

  CREATE OR REPLACE NONEDITIONABLE TRIGGER MEDICI_TRG 
	BEFORE INSERT ON MEDICI
	FOR EACH ROW
BEGIN
  SELECT SEQ_MEDICI.NEXTVAL
  INTO   :NEW.ID
  FROM   DUAL;
END;

/
ALTER TRIGGER MEDICI_TRG DISABLE;
--------------------------------------------------------
--  DDL for Trigger STAFF_TRG
--------------------------------------------------------

  CREATE OR REPLACE NONEDITIONABLE TRIGGER STAFF_TRG 
	BEFORE INSERT ON STAFF
	FOR EACH ROW
BEGIN
  SELECT SEQ_STAFF.NEXTVAL
  INTO   :NEW.ID
  FROM   DUAL;
END;

/
ALTER TRIGGER STAFF_TRG DISABLE;
--------------------------------------------------------
--  DDL for Trigger TERAPIE_TRG
--------------------------------------------------------

  CREATE OR REPLACE NONEDITIONABLE TRIGGER TERAPIE_TRG 
	BEFORE INSERT ON TERAPIE
	FOR EACH ROW
BEGIN
  SELECT SEQ_TERAPIE.NEXTVAL
  INTO   :NEW.ID
  FROM   DUAL;
END;

/
ALTER TRIGGER TERAPIE_TRG DISABLE;
--------------------------------------------------------
--  Constraints for Table MEDICI_TERAPIE
--------------------------------------------------------

  ALTER TABLE MEDICI_TERAPIE ADD CONSTRAINT PK_ID_MT PRIMARY KEY (ID_MEDICO, ID_TERAPIA)
  USING INDEX PCTFREE 10 INITRANS 2 MAXTRANS 255 COMPUTE STATISTICS 
  STORAGE(INITIAL 65536 NEXT 1048576 MINEXTENTS 1 MAXEXTENTS 2147483645
  PCTINCREASE 0 FREELISTS 1 FREELIST GROUPS 1
  BUFFER_POOL DEFAULT FLASH_CACHE DEFAULT CELL_FLASH_CACHE DEFAULT)
  TABLESPACE SYSTEM  ENABLE;
  ALTER TABLE MEDICI_TERAPIE MODIFY (ID_TERAPIA NOT NULL ENABLE);
  ALTER TABLE MEDICI_TERAPIE MODIFY (ID_MEDICO NOT NULL ENABLE);
--------------------------------------------------------
--  Constraints for Table ANAGRAFICHE
--------------------------------------------------------

  ALTER TABLE ANAGRAFICHE ADD CONSTRAINT PK_ID_ANAG PRIMARY KEY (ID)
  USING INDEX PCTFREE 10 INITRANS 2 MAXTRANS 255 COMPUTE STATISTICS 
  STORAGE(INITIAL 65536 NEXT 1048576 MINEXTENTS 1 MAXEXTENTS 2147483645
  PCTINCREASE 0 FREELISTS 1 FREELIST GROUPS 1
  BUFFER_POOL DEFAULT FLASH_CACHE DEFAULT CELL_FLASH_CACHE DEFAULT)
  TABLESPACE SYSTEM  ENABLE;
  ALTER TABLE ANAGRAFICHE MODIFY (ID NOT NULL ENABLE);
  ALTER TABLE ANAGRAFICHE ADD CONSTRAINT UNI_AN_CF UNIQUE (CF)
  USING INDEX PCTFREE 10 INITRANS 2 MAXTRANS 255 COMPUTE STATISTICS 
  STORAGE(INITIAL 65536 NEXT 1048576 MINEXTENTS 1 MAXEXTENTS 2147483645
  PCTINCREASE 0 FREELISTS 1 FREELIST GROUPS 1
  BUFFER_POOL DEFAULT FLASH_CACHE DEFAULT CELL_FLASH_CACHE DEFAULT)
  TABLESPACE USERS  ENABLE;
--------------------------------------------------------
--  Constraints for Table TERAPIE_AMBULATORI
--------------------------------------------------------

  ALTER TABLE TERAPIE_AMBULATORI ADD CONSTRAINT PK_ID_TA PRIMARY KEY (ID_TERAPIA, ID_AMBULATORIO)
  USING INDEX PCTFREE 10 INITRANS 2 MAXTRANS 255 COMPUTE STATISTICS 
  STORAGE(INITIAL 65536 NEXT 1048576 MINEXTENTS 1 MAXEXTENTS 2147483645
  PCTINCREASE 0 FREELISTS 1 FREELIST GROUPS 1
  BUFFER_POOL DEFAULT FLASH_CACHE DEFAULT CELL_FLASH_CACHE DEFAULT)
  TABLESPACE SYSTEM  ENABLE;
  ALTER TABLE TERAPIE_AMBULATORI MODIFY (ID_AMBULATORIO NOT NULL ENABLE);
  ALTER TABLE TERAPIE_AMBULATORI MODIFY (ID_TERAPIA NOT NULL ENABLE);
--------------------------------------------------------
--  Constraints for Table CLIENTI
--------------------------------------------------------

  ALTER TABLE CLIENTI ADD CONSTRAINT PK_ID_CLIENT PRIMARY KEY (ID)
  USING INDEX PCTFREE 10 INITRANS 2 MAXTRANS 255 COMPUTE STATISTICS 
  STORAGE(INITIAL 65536 NEXT 1048576 MINEXTENTS 1 MAXEXTENTS 2147483645
  PCTINCREASE 0 FREELISTS 1 FREELIST GROUPS 1
  BUFFER_POOL DEFAULT FLASH_CACHE DEFAULT CELL_FLASH_CACHE DEFAULT)
  TABLESPACE SYSTEM  ENABLE;
  ALTER TABLE CLIENTI MODIFY (ID NOT NULL ENABLE);
  ALTER TABLE CLIENTI ADD CONSTRAINT UNI_CLI_ANAG UNIQUE (ID_ANAG)
  USING INDEX PCTFREE 10 INITRANS 2 MAXTRANS 255 COMPUTE STATISTICS 
  STORAGE(INITIAL 65536 NEXT 1048576 MINEXTENTS 1 MAXEXTENTS 2147483645
  PCTINCREASE 0 FREELISTS 1 FREELIST GROUPS 1
  BUFFER_POOL DEFAULT FLASH_CACHE DEFAULT CELL_FLASH_CACHE DEFAULT)
  TABLESPACE USERS  ENABLE;
--------------------------------------------------------
--  Constraints for Table STAFF
--------------------------------------------------------

  ALTER TABLE STAFF ADD CONSTRAINT PK_ID_STAFF PRIMARY KEY (ID)
  USING INDEX PCTFREE 10 INITRANS 2 MAXTRANS 255 COMPUTE STATISTICS 
  STORAGE(INITIAL 65536 NEXT 1048576 MINEXTENTS 1 MAXEXTENTS 2147483645
  PCTINCREASE 0 FREELISTS 1 FREELIST GROUPS 1
  BUFFER_POOL DEFAULT FLASH_CACHE DEFAULT CELL_FLASH_CACHE DEFAULT)
  TABLESPACE SYSTEM  ENABLE;
  ALTER TABLE STAFF MODIFY (ID NOT NULL ENABLE);
  ALTER TABLE STAFF ADD CONSTRAINT UNI_ST_ANAG UNIQUE (ID_ANAG)
  USING INDEX PCTFREE 10 INITRANS 2 MAXTRANS 255 COMPUTE STATISTICS 
  STORAGE(INITIAL 65536 NEXT 1048576 MINEXTENTS 1 MAXEXTENTS 2147483645
  PCTINCREASE 0 FREELISTS 1 FREELIST GROUPS 1
  BUFFER_POOL DEFAULT FLASH_CACHE DEFAULT CELL_FLASH_CACHE DEFAULT)
  TABLESPACE USERS  ENABLE;
--------------------------------------------------------
--  Constraints for Table MEDICI
--------------------------------------------------------

  ALTER TABLE MEDICI ADD CONSTRAINT PK_ID_MEDIC PRIMARY KEY (ID)
  USING INDEX PCTFREE 10 INITRANS 2 MAXTRANS 255 COMPUTE STATISTICS 
  STORAGE(INITIAL 65536 NEXT 1048576 MINEXTENTS 1 MAXEXTENTS 2147483645
  PCTINCREASE 0 FREELISTS 1 FREELIST GROUPS 1
  BUFFER_POOL DEFAULT FLASH_CACHE DEFAULT CELL_FLASH_CACHE DEFAULT)
  TABLESPACE SYSTEM  ENABLE;
  ALTER TABLE MEDICI MODIFY (ID NOT NULL ENABLE);
  ALTER TABLE MEDICI ADD CONSTRAINT UNI_ME_ANAG UNIQUE (ID_ANAG)
  USING INDEX PCTFREE 10 INITRANS 2 MAXTRANS 255 COMPUTE STATISTICS 
  STORAGE(INITIAL 65536 NEXT 1048576 MINEXTENTS 1 MAXEXTENTS 2147483645
  PCTINCREASE 0 FREELISTS 1 FREELIST GROUPS 1
  BUFFER_POOL DEFAULT FLASH_CACHE DEFAULT CELL_FLASH_CACHE DEFAULT)
  TABLESPACE USERS  ENABLE;
--------------------------------------------------------
--  Constraints for Table AMBULATORI
--------------------------------------------------------

  ALTER TABLE AMBULATORI ADD CONSTRAINT PK_ID_AMBULATORI PRIMARY KEY (ID)
  USING INDEX PCTFREE 10 INITRANS 2 MAXTRANS 255 COMPUTE STATISTICS 
  STORAGE(INITIAL 65536 NEXT 1048576 MINEXTENTS 1 MAXEXTENTS 2147483645
  PCTINCREASE 0 FREELISTS 1 FREELIST GROUPS 1
  BUFFER_POOL DEFAULT FLASH_CACHE DEFAULT CELL_FLASH_CACHE DEFAULT)
  TABLESPACE SYSTEM  ENABLE;
  ALTER TABLE AMBULATORI MODIFY (ID NOT NULL ENABLE);
  ALTER TABLE AMBULATORI ADD CONSTRAINT UNI_AMB_COD UNIQUE (COD)
  USING INDEX PCTFREE 10 INITRANS 2 MAXTRANS 255 COMPUTE STATISTICS 
  STORAGE(INITIAL 65536 NEXT 1048576 MINEXTENTS 1 MAXEXTENTS 2147483645
  PCTINCREASE 0 FREELISTS 1 FREELIST GROUPS 1
  BUFFER_POOL DEFAULT FLASH_CACHE DEFAULT CELL_FLASH_CACHE DEFAULT)
  TABLESPACE USERS  ENABLE;
--------------------------------------------------------
--  Constraints for Table TERAPIE
--------------------------------------------------------

  ALTER TABLE TERAPIE ADD CONSTRAINT PK_ID_TERAPIE PRIMARY KEY (ID)
  USING INDEX PCTFREE 10 INITRANS 2 MAXTRANS 255 COMPUTE STATISTICS 
  STORAGE(INITIAL 65536 NEXT 1048576 MINEXTENTS 1 MAXEXTENTS 2147483645
  PCTINCREASE 0 FREELISTS 1 FREELIST GROUPS 1
  BUFFER_POOL DEFAULT FLASH_CACHE DEFAULT CELL_FLASH_CACHE DEFAULT)
  TABLESPACE SYSTEM  ENABLE;
  ALTER TABLE TERAPIE MODIFY (ID NOT NULL ENABLE);
  ALTER TABLE TERAPIE ADD CONSTRAINT UNI_AM_COD UNIQUE (COD)
  USING INDEX PCTFREE 10 INITRANS 2 MAXTRANS 255 COMPUTE STATISTICS 
  STORAGE(INITIAL 65536 NEXT 1048576 MINEXTENTS 1 MAXEXTENTS 2147483645
  PCTINCREASE 0 FREELISTS 1 FREELIST GROUPS 1
  BUFFER_POOL DEFAULT FLASH_CACHE DEFAULT CELL_FLASH_CACHE DEFAULT)
  TABLESPACE USERS  ENABLE;
--------------------------------------------------------
--  Ref Constraints for Table CLIENTI
--------------------------------------------------------

  ALTER TABLE CLIENTI ADD CONSTRAINT FK_ANAG FOREIGN KEY (ID_ANAG)
	  REFERENCES ANAGRAFICHE (ID) ON DELETE CASCADE ENABLE;
--------------------------------------------------------
--  Ref Constraints for Table MEDICI
--------------------------------------------------------

  ALTER TABLE MEDICI ADD CONSTRAINT FK_ANAG_M FOREIGN KEY (ID_ANAG)
	  REFERENCES ANAGRAFICHE (ID) ON DELETE CASCADE ENABLE;
--------------------------------------------------------
--  Ref Constraints for Table MEDICI_TERAPIE
--------------------------------------------------------

  ALTER TABLE MEDICI_TERAPIE ADD CONSTRAINT FK_MED_ME FOREIGN KEY (ID_MEDICO)
	  REFERENCES MEDICI (ID) ON DELETE CASCADE ENABLE;
  ALTER TABLE MEDICI_TERAPIE ADD CONSTRAINT FK_TER_ME FOREIGN KEY (ID_TERAPIA)
	  REFERENCES TERAPIE (ID) ENABLE;
--------------------------------------------------------
--  Ref Constraints for Table PRENOTAZIONI
--------------------------------------------------------

  ALTER TABLE PRENOTAZIONI ADD CONSTRAINT PRENOTAZIONI_FK1 FOREIGN KEY (ID_CLIENTE)
	  REFERENCES CLIENTI (ID) ENABLE;
  ALTER TABLE PRENOTAZIONI ADD CONSTRAINT PRENOTAZIONI_FK2 FOREIGN KEY (ID_AMBULATORIO)
	  REFERENCES AMBULATORI (ID) ENABLE;
--------------------------------------------------------
--  Ref Constraints for Table STAFF
--------------------------------------------------------

  ALTER TABLE STAFF ADD CONSTRAINT FK_ANAG_S FOREIGN KEY (ID_ANAG)
	  REFERENCES ANAGRAFICHE (ID) ON DELETE CASCADE ENABLE;
--------------------------------------------------------
--  Ref Constraints for Table TERAPIE_AMBULATORI
--------------------------------------------------------

  ALTER TABLE TERAPIE_AMBULATORI ADD CONSTRAINT FK_AMB_TA FOREIGN KEY (ID_AMBULATORIO)
	  REFERENCES AMBULATORI (ID) ENABLE;
  ALTER TABLE TERAPIE_AMBULATORI ADD CONSTRAINT FK_TER_TA FOREIGN KEY (ID_TERAPIA)
	  REFERENCES TERAPIE (ID) ENABLE;
